CREATE DATABASE  IF NOT EXISTS `smbms` /*!40100 DEFAULT CHARACTER SET utf8 */;
USE `smbms`;
-- MySQL dump 10.13  Distrib 5.7.12, for Win64 (x86_64)
--
-- Host: localhost    Database: smbms
-- ------------------------------------------------------
-- Server version	5.6.32-log

/*!40101 SET @OLD_CHARACTER_SET_CLIENT=@@CHARACTER_SET_CLIENT */;
/*!40101 SET @OLD_CHARACTER_SET_RESULTS=@@CHARACTER_SET_RESULTS */;
/*!40101 SET @OLD_COLLATION_CONNECTION=@@COLLATION_CONNECTION */;
/*!40101 SET NAMES utf8 */;
/*!40103 SET @OLD_TIME_ZONE=@@TIME_ZONE */;
/*!40103 SET TIME_ZONE='+00:00' */;
/*!40014 SET @OLD_UNIQUE_CHECKS=@@UNIQUE_CHECKS, UNIQUE_CHECKS=0 */;
/*!40014 SET @OLD_FOREIGN_KEY_CHECKS=@@FOREIGN_KEY_CHECKS, FOREIGN_KEY_CHECKS=0 */;
/*!40101 SET @OLD_SQL_MODE=@@SQL_MODE, SQL_MODE='NO_AUTO_VALUE_ON_ZERO' */;
/*!40111 SET @OLD_SQL_NOTES=@@SQL_NOTES, SQL_NOTES=0 */;

--
-- Table structure for table `smbms_address`
--

DROP TABLE IF EXISTS `smbms_address`;
/*!40101 SET @saved_cs_client     = @@character_set_client */;
/*!40101 SET character_set_client = utf8 */;
CREATE TABLE `smbms_address` (
  `id` bigint(20) NOT NULL AUTO_INCREMENT COMMENT '主键ID',
  `contact` varchar(15) COLLATE utf8_unicode_ci DEFAULT NULL COMMENT '联系人姓名',
  `addressDesc` varchar(50) COLLATE utf8_unicode_ci DEFAULT NULL COMMENT '收货地址明细',
  `postCode` varchar(15) COLLATE utf8_unicode_ci DEFAULT NULL COMMENT '邮编',
  `tel` varchar(20) COLLATE utf8_unicode_ci DEFAULT NULL COMMENT '联系人电话',
  `createdBy` bigint(20) DEFAULT NULL COMMENT '创建者',
  `creationDate` datetime DEFAULT NULL COMMENT '创建时间',
  `modifyBy` bigint(20) DEFAULT NULL COMMENT '修改者',
  `modifyDate` datetime DEFAULT NULL COMMENT '修改时间',
  `userId` bigint(20) DEFAULT NULL COMMENT '用户ID',
  PRIMARY KEY (`id`) USING BTREE
) ENGINE=InnoDB AUTO_INCREMENT=7 DEFAULT CHARSET=utf8 COLLATE=utf8_unicode_ci ROW_FORMAT=DYNAMIC;
/*!40101 SET character_set_client = @saved_cs_client */;

--
-- Dumping data for table `smbms_address`
--

LOCK TABLES `smbms_address` WRITE;
/*!40000 ALTER TABLE `smbms_address` DISABLE KEYS */;
INSERT INTO `smbms_address` VALUES (1,'王丽','北京市东城区东交民巷44号','100010','13678789999',1,'2016-04-13 00:00:00',NULL,NULL,1),(2,'张红丽','北京市海淀区丹棱街3号','100000','18567672312',1,'2016-04-13 00:00:00',NULL,NULL,1),(3,'任志强','北京市东城区美术馆后街23号','100021','13387906742',1,'2016-04-13 00:00:00',NULL,NULL,1),(4,'曹颖','北京市朝阳区朝阳门南大街14号','100053','13568902323',1,'2016-04-13 00:00:00',NULL,NULL,2),(5,'李慧','北京市西城区三里河路南三巷3号','100032','18032356666',1,'2016-04-13 00:00:00',NULL,NULL,3),(6,'王国强','北京市顺义区高丽营镇金马工业区18号','100061','13787882222',1,'2016-04-13 00:00:00',NULL,NULL,3);
/*!40000 ALTER TABLE `smbms_address` ENABLE KEYS */;
UNLOCK TABLES;

--
-- Table structure for table `smbms_bill`
--

DROP TABLE IF EXISTS `smbms_bill`;
/*!40101 SET @saved_cs_client     = @@character_set_client */;
/*!40101 SET character_set_client = utf8 */;
CREATE TABLE `smbms_bill` (
  `id` bigint(20) NOT NULL AUTO_INCREMENT COMMENT '主键ID',
  `billCode` varchar(20) COLLATE utf8_unicode_ci DEFAULT NULL COMMENT '账单编码',
  `productName` varchar(20) COLLATE utf8_unicode_ci DEFAULT NULL COMMENT '商品名称',
  `productDesc` varchar(50) COLLATE utf8_unicode_ci DEFAULT NULL COMMENT '商品描述',
  `productUnit` varchar(10) COLLATE utf8_unicode_ci DEFAULT NULL COMMENT '商品单位',
  `productCount` decimal(20,2) DEFAULT NULL COMMENT '商品数量',
  `totalPrice` decimal(20,2) DEFAULT NULL COMMENT '商品总额',
  `isPayment` int(10) DEFAULT NULL COMMENT '是否支付（1：未支付 2：已支付）',
  `createdBy` bigint(20) DEFAULT NULL COMMENT '创建者（userId）',
  `creationDate` datetime DEFAULT NULL COMMENT '创建时间',
  `modifyBy` bigint(20) DEFAULT NULL COMMENT '更新者（userId）',
  `modifyDate` datetime DEFAULT NULL COMMENT '更新时间',
  `providerId` bigint(20) DEFAULT '1' COMMENT '供应商ID',
  `userName` varchar(45) CHARACTER SET utf8 DEFAULT NULL,
  PRIMARY KEY (`id`) USING BTREE
) ENGINE=InnoDB AUTO_INCREMENT=23 DEFAULT CHARSET=utf8 COLLATE=utf8_unicode_ci ROW_FORMAT=DYNAMIC;
/*!40101 SET character_set_client = @saved_cs_client */;

--
-- Dumping data for table `smbms_bill`
--

LOCK TABLES `smbms_bill` WRITE;
/*!40000 ALTER TABLE `smbms_bill` DISABLE KEYS */;
INSERT INTO `smbms_bill` VALUES (2,'BILL2016_002','香皂、肥皂、药皂','日用品-皂类','块',1000.00,10000.00,2,1,'2016-03-23 04:20:40',1,'2021-09-09 08:41:15',1,'1'),(3,'BILL2016_003','大豆油','食品-食用油','斤',300.00,5890.00,2,1,'2014-12-14 13:02:03',NULL,NULL,6,'test111'),(4,'BILL2016_004','橄榄油','食品-进口食用油','斤',200.00,9800.00,2,1,'2013-10-10 03:12:13',NULL,NULL,7,'test111'),(5,'BILL2016_005','洗洁精','日用品-厨房清洁','瓶',500.00,7000.00,2,1,'2014-12-14 13:02:03',NULL,NULL,9,'test111'),(6,'BILL2016_006','美国大杏仁','食品-坚果','袋',300.00,5000.00,2,1,'2016-04-14 06:08:09',NULL,NULL,4,'test111'),(7,'BILL2016_007','沐浴液、精油','日用品-沐浴类','瓶',500.00,23000.00,1,1,'2016-07-22 10:10:22',NULL,NULL,14,'test111'),(8,'BILL2016_008','不锈钢盘碗','日用品-厨房用具','个',600.00,6000.00,2,1,'2016-04-14 05:12:13',NULL,NULL,14,'test111'),(9,'BILL2016_009','塑料杯','日用品-杯子','个',350.00,1750.00,2,1,'2016-02-04 11:40:20',NULL,NULL,14,'test111'),(10,'BILL2016_010','豆瓣酱','食品-调料','瓶',200.00,2000.00,2,1,'2013-10-29 05:07:03',NULL,NULL,8,'test111'),(11,'BILL2016_011','海之蓝','饮料-国酒','瓶',50.00,10000.00,1,1,'2016-04-14 16:16:00',NULL,NULL,1,'test111'),(12,'BILL2016_012','芝华士','饮料-洋酒','瓶',20.00,6000.00,1,1,'2016-09-09 17:00:00',NULL,NULL,1,'test111'),(13,'BILL2016_013','长城红葡萄酒','饮料-红酒','瓶',60.00,800.00,2,1,'2016-11-14 15:23:00',NULL,NULL,1,'王洋'),(14,'BILL2016_014','泰国香米','食品-大米','斤',400.00,5000.00,2,1,'2016-10-09 15:20:00',NULL,NULL,3,'赵燕'),(15,'BILL2016_015','东北大米','食品-大米','斤',600.00,4000.00,2,1,'2016-11-14 14:00:00',NULL,NULL,3,'孙磊'),(16,'BILL2016_016','可口可乐','饮料','瓶',2000.00,6000.00,2,1,'2012-03-27 13:03:01',NULL,NULL,2,'孙兴'),(17,'BILL2016_017','脉动','饮料','瓶',1500.00,4500.00,2,1,'2016-05-10 12:00:00',NULL,NULL,2,'孙兴'),(18,'BILL2016_018','哇哈哈','饮料','瓶',2000.00,4000.00,2,1,'2015-11-24 15:12:03',NULL,NULL,2,'张晨'),(19,' 17:36:26 CST 2021','111','111','1',1.00,20.00,3,23,'2021-06-27 09:36:27',NULL,NULL,1,'邓超'),(22,'3213123','1','1','1',1.00,1.00,1,1,'2021-09-09 07:56:21',NULL,NULL,1,'1');
/*!40000 ALTER TABLE `smbms_bill` ENABLE KEYS */;
UNLOCK TABLES;

--
-- Table structure for table `smbms_product`
--

DROP TABLE IF EXISTS `smbms_product`;
/*!40101 SET @saved_cs_client     = @@character_set_client */;
/*!40101 SET character_set_client = utf8 */;
CREATE TABLE `smbms_product` (
  `id` bigint(255) NOT NULL AUTO_INCREMENT,
  `productName` varchar(255) COLLATE utf8_unicode_ci DEFAULT NULL,
  `productDesc` varchar(255) COLLATE utf8_unicode_ci DEFAULT NULL,
  `productUnit` varchar(255) COLLATE utf8_unicode_ci DEFAULT NULL,
  `productValue` decimal(20,2) DEFAULT NULL,
  `createdBy` bigint(255) DEFAULT NULL,
  `creationDate` datetime DEFAULT NULL,
  `providerId` bigint(20) DEFAULT NULL,
  `modifyDate` datetime DEFAULT NULL,
  `modifyBy` bigint(255) DEFAULT NULL,
  `productPicPath` varchar(255) COLLATE utf8_unicode_ci DEFAULT NULL,
  PRIMARY KEY (`id`) USING BTREE
) ENGINE=InnoDB AUTO_INCREMENT=21 DEFAULT CHARSET=utf8 COLLATE=utf8_unicode_ci ROW_FORMAT=DYNAMIC;
/*!40101 SET character_set_client = @saved_cs_client */;

--
-- Dumping data for table `smbms_product`
--

LOCK TABLES `smbms_product` WRITE;
/*!40000 ALTER TABLE `smbms_product` DISABLE KEYS */;
INSERT INTO `smbms_product` VALUES (1,'香皂、肥皂、药皂','日用品-皂类','块',10.00,2,'2021-06-19 22:28:36',13,NULL,NULL,NULL),(2,'大豆油','食品-食用油','斤',20.00,2,'2021-06-19 22:30:57',6,NULL,NULL,NULL),(3,'橄榄油','食品-进口食用油','斤',50.00,2,'2021-06-19 22:32:42',6,NULL,NULL,NULL),(4,'洗洁精','日用品-厨房清洁','瓶',14.00,2,'2021-06-19 22:32:44',13,NULL,NULL,NULL),(5,'美国大杏仁','食品-坚果','袋',16.00,2,'2021-06-19 22:32:45',4,NULL,NULL,NULL),(6,'沐浴液、精油','日用品-沐浴类','瓶',46.00,2,'2021-06-19 22:32:47',13,NULL,NULL,NULL),(7,'不锈钢盘碗','日用品-厨房用具','个',10.00,2,'2021-06-19 22:32:49',10,NULL,NULL,NULL),(8,'塑料杯','日用品-杯子','个',5.00,2,'2021-06-19 22:32:50',15,NULL,NULL,NULL),(9,'豆瓣酱','食品-调料','瓶',10.00,2,'2021-06-19 22:32:51',8,NULL,NULL,NULL),(10,'海之蓝','饮料-国酒','瓶',200.00,2,'2021-06-19 22:32:53',1,NULL,NULL,NULL),(11,'芝华士','饮料-洋酒','瓶',300.00,2,'2021-06-19 22:32:54',1,NULL,NULL,NULL),(12,'长城红葡萄酒','饮料-红酒','瓶',130.00,2,'2021-06-19 22:32:56',1,NULL,NULL,NULL),(13,'泰国香米','食品-大米','斤',13.00,2,'2021-06-19 22:32:57',3,NULL,NULL,NULL),(14,'东北大米','食品-大米','斤',7.00,2,'2021-06-19 22:32:58',3,NULL,NULL,NULL),(15,'可口可乐','饮料','瓶',30.00,2,'2021-06-19 22:33:00',2,NULL,NULL,NULL),(16,'脉动','饮料','瓶',30.00,2,'2021-06-19 22:33:01',2,NULL,NULL,NULL),(17,'哇哈哈','饮料','瓶',20.00,2,'2021-06-19 22:33:02',2,NULL,NULL,NULL),(20,'111','111','1',1.00,1,'2021-06-20 14:32:52',1,NULL,NULL,'/img/75792819_p0.png');
/*!40000 ALTER TABLE `smbms_product` ENABLE KEYS */;
UNLOCK TABLES;

--
-- Table structure for table `smbms_provider`
--

DROP TABLE IF EXISTS `smbms_provider`;
/*!40101 SET @saved_cs_client     = @@character_set_client */;
/*!40101 SET character_set_client = utf8 */;
CREATE TABLE `smbms_provider` (
  `id` bigint(20) NOT NULL AUTO_INCREMENT COMMENT '主键ID',
  `proCode` varchar(20) COLLATE utf8_unicode_ci DEFAULT NULL COMMENT '供应商编码',
  `proName` varchar(20) COLLATE utf8_unicode_ci DEFAULT NULL COMMENT '供应商名称',
  `proDesc` varchar(50) COLLATE utf8_unicode_ci DEFAULT NULL COMMENT '供应商详细描述',
  `proContact` varchar(20) COLLATE utf8_unicode_ci DEFAULT NULL COMMENT '供应商联系人',
  `proPhone` varchar(20) COLLATE utf8_unicode_ci DEFAULT NULL COMMENT '联系电话',
  `proAddress` varchar(50) COLLATE utf8_unicode_ci DEFAULT NULL COMMENT '地址',
  `proFax` varchar(20) COLLATE utf8_unicode_ci DEFAULT NULL COMMENT '传真',
  `createdBy` bigint(20) DEFAULT NULL COMMENT '创建者（userId）',
  `creationDate` datetime DEFAULT NULL COMMENT '创建时间',
  `modifyDate` datetime DEFAULT NULL COMMENT '更新时间',
  `modifyBy` bigint(20) DEFAULT NULL COMMENT '更新者（userId）',
  `companyLicPicPath` varchar(255) COLLATE utf8_unicode_ci DEFAULT NULL,
  `orgCodePicPath` varchar(255) COLLATE utf8_unicode_ci DEFAULT NULL,
  PRIMARY KEY (`id`) USING BTREE
) ENGINE=InnoDB AUTO_INCREMENT=16 DEFAULT CHARSET=utf8 COLLATE=utf8_unicode_ci ROW_FORMAT=DYNAMIC;
/*!40101 SET character_set_client = @saved_cs_client */;

--
-- Dumping data for table `smbms_provider`
--

LOCK TABLES `smbms_provider` WRITE;
/*!40000 ALTER TABLE `smbms_provider` DISABLE KEYS */;
INSERT INTO `smbms_provider` VALUES (1,'BJ_GYS001','北京三木堂商贸有限公司','长期合作伙伴，主营产品:茅台、五粮液、郎酒、酒鬼酒、泸州老窖、赖茅酒、法国红酒等','张国强','13566667777','北京市丰台区育芳园北路','010-58858787',1,'2013-03-21 16:52:07',NULL,NULL,NULL,NULL),(2,'HB_GYS001','石家庄帅益食品贸易有限公司','长期合作伙伴，主营产品:饮料、水饮料、植物蛋白饮料、休闲食品、果汁饮料、功能饮料等','王军','13309094212','河北省石家庄新华区','0311-67738876',1,'2016-04-13 04:20:40',NULL,NULL,NULL,NULL),(3,'GZ_GYS001','深圳市泰香米业有限公司','初次合作伙伴，主营产品：良记金轮米,龙轮香米等','郑程瀚','13402013312','广东省深圳市福田区深南大道6006华丰大厦','0755-67776212',1,'2014-03-21 16:56:07',NULL,NULL,NULL,NULL),(4,'GZ_GYS002','深圳市喜来客商贸有限公司','长期合作伙伴，主营产品：坚果炒货.果脯蜜饯.天然花茶.营养豆豆.特色美食.进口食品.海味零食.肉脯肉','林妮','18599897645','广东省深圳市福龙工业区B2栋3楼西','0755-67772341',1,'2013-03-22 16:52:07',NULL,NULL,NULL,NULL),(5,'JS_GYS001','兴化佳美调味品厂','长期合作伙伴，主营产品：天然香辛料、鸡精、复合调味料','徐国洋','13754444221','江苏省兴化市林湖工业区','0523-21299098',1,'2015-11-22 16:52:07',NULL,NULL,NULL,NULL),(6,'BJ_GYS002','北京纳福尔食用油有限公司','长期合作伙伴，主营产品：山茶油、大豆油、花生油、橄榄油等','马莺','13422235678','北京市朝阳区珠江帝景1号楼','010-588634233',1,'2012-03-21 17:52:07',NULL,NULL,NULL,NULL),(7,'BJ_GYS003','北京国粮食用油有限公司','初次合作伙伴，主营产品：花生油、大豆油、小磨油等','王驰','13344441135','北京大兴青云店开发区','010-588134111',1,'2016-04-13 00:00:00',NULL,NULL,NULL,NULL),(8,'ZJ_GYS001','慈溪市广和绿色食品厂','长期合作伙伴，主营产品：豆瓣酱、黄豆酱、甜面酱，辣椒，大蒜等农产品','薛圣丹','18099953223','浙江省宁波市慈溪周巷小安村','0574-34449090',1,'2013-11-21 06:02:07',NULL,NULL,NULL,NULL),(9,'GX_GYS001','优百商贸有限公司','长期合作伙伴，主营产品：日化产品','李立国','13323566543','广西南宁市秀厢大道42-1号','0771-98861134',1,'2013-03-21 19:52:07',NULL,NULL,NULL,NULL),(10,'JS_GYS002','南京火头军信息技术有限公司','长期合作伙伴，主营产品：不锈钢厨具等','陈女士','13098992113','江苏省南京市浦口区浦口大道1号新城总部大厦A座903室','025-86223345',1,'2013-03-25 16:52:07',NULL,NULL,NULL,NULL),(11,'GZ_GYS003','广州市白云区美星五金制品厂','长期合作伙伴，主营产品：海绵床垫、坐垫、靠垫、海绵枕头、头枕等','梁天','13562276775','广州市白云区钟落潭镇福龙路20号','020-85542231',1,'2016-12-21 06:12:17',NULL,NULL,NULL,NULL),(12,'BJ_GYS004','北京隆盛日化科技','长期合作伙伴，主营产品：日化环保清洗剂，家居洗涤专卖、洗涤用品网、墙体除霉剂、墙面霉菌清除剂等','孙欣','13689865678','北京市大兴区旧宫','010-35576786',1,'2014-11-21 12:51:11',NULL,NULL,NULL,NULL),(13,'SD_GYS001','山东豪克华光联合发展有限公司','长期合作伙伴，主营产品：洗衣皂、洗衣粉、洗衣液、洗洁精、消杀类、香皂等','吴洪转','13245468787','山东济阳济北工业区仁和街21号','0531-53362445',1,'2015-01-28 10:52:07',NULL,NULL,NULL,NULL),(14,'JS_GYS003','无锡喜源坤商行','长期合作伙伴，主营产品：日化品批销','周一清','18567674532','江苏无锡盛岸西路','0510-32274422',1,'2016-04-23 11:11:11',NULL,NULL,NULL,NULL),(15,'ZJ_GYS002','乐摆日用品厂','长期合作伙伴，主营产品：各种中、高档塑料杯，塑料乐扣水杯（密封杯）、保鲜杯（保鲜盒）、广告杯、礼品杯','王世杰','13212331567','浙江省金华市义乌市义东路','0579-34452321',1,'2016-08-22 10:01:30',NULL,NULL,NULL,NULL);
/*!40000 ALTER TABLE `smbms_provider` ENABLE KEYS */;
UNLOCK TABLES;

--
-- Table structure for table `smbms_role`
--

DROP TABLE IF EXISTS `smbms_role`;
/*!40101 SET @saved_cs_client     = @@character_set_client */;
/*!40101 SET character_set_client = utf8 */;
CREATE TABLE `smbms_role` (
  `id` bigint(20) NOT NULL AUTO_INCREMENT COMMENT '主键ID',
  `roleCode` varchar(15) COLLATE utf8_unicode_ci DEFAULT NULL COMMENT '角色编码',
  `roleName` varchar(15) COLLATE utf8_unicode_ci DEFAULT NULL COMMENT '角色名称',
  `createdBy` bigint(20) DEFAULT NULL COMMENT '创建者',
  `creationDate` datetime DEFAULT NULL COMMENT '创建时间',
  `modifyBy` bigint(20) DEFAULT NULL COMMENT '修改者',
  `modifyDate` datetime DEFAULT NULL COMMENT '修改时间',
  PRIMARY KEY (`id`) USING BTREE
) ENGINE=InnoDB AUTO_INCREMENT=5 DEFAULT CHARSET=utf8 COLLATE=utf8_unicode_ci ROW_FORMAT=DYNAMIC;
/*!40101 SET character_set_client = @saved_cs_client */;

--
-- Dumping data for table `smbms_role`
--

LOCK TABLES `smbms_role` WRITE;
/*!40000 ALTER TABLE `smbms_role` DISABLE KEYS */;
INSERT INTO `smbms_role` VALUES (1,'SMBMS_ADMIN','系统管理员',1,'2016-04-13 00:00:00',NULL,NULL),(2,'SMBMS_MANAGER','经理',1,'2016-04-13 00:00:00',NULL,NULL),(3,'SMBMS_EMPLOYEE','普通员工',1,'2016-04-13 00:00:00',NULL,NULL),(4,'SMBMS_CUSTMOER','顾客',1,'2021-06-20 10:00:56',NULL,NULL);
/*!40000 ALTER TABLE `smbms_role` ENABLE KEYS */;
UNLOCK TABLES;

--
-- Table structure for table `smbms_user`
--

DROP TABLE IF EXISTS `smbms_user`;
/*!40101 SET @saved_cs_client     = @@character_set_client */;
/*!40101 SET character_set_client = utf8 */;
CREATE TABLE `smbms_user` (
  `id` bigint(20) NOT NULL AUTO_INCREMENT COMMENT '主键ID',
  `userCode` varchar(15) COLLATE utf8_unicode_ci DEFAULT NULL COMMENT '用户编码',
  `userName` varchar(15) COLLATE utf8_unicode_ci DEFAULT NULL COMMENT '用户名称',
  `userPassword` varchar(255) COLLATE utf8_unicode_ci DEFAULT NULL COMMENT '用户密码',
  `gender` int(10) DEFAULT NULL COMMENT '性别（1:女、 2:男）',
  `birthday` date DEFAULT NULL COMMENT '出生日期',
  `phone` varchar(15) COLLATE utf8_unicode_ci DEFAULT NULL COMMENT '手机',
  `address` varchar(30) COLLATE utf8_unicode_ci DEFAULT NULL COMMENT '地址',
  `userRole` bigint(20) DEFAULT NULL COMMENT '用户角色（取自角色表-角色id）',
  `createdBy` bigint(20) DEFAULT NULL COMMENT '创建者（userId）',
  `creationDate` datetime DEFAULT NULL COMMENT '创建时间',
  `modifyBy` bigint(20) DEFAULT NULL COMMENT '更新者（userId）',
  `modifyDate` datetime DEFAULT NULL COMMENT '更新时间',
  `idPicPath` varchar(255) COLLATE utf8_unicode_ci DEFAULT NULL,
  `workPicPath` varchar(255) COLLATE utf8_unicode_ci DEFAULT NULL,
  `salt` varchar(255) COLLATE utf8_unicode_ci DEFAULT NULL,
  PRIMARY KEY (`id`) USING BTREE
) ENGINE=InnoDB AUTO_INCREMENT=33 DEFAULT CHARSET=utf8 COLLATE=utf8_unicode_ci ROW_FORMAT=DYNAMIC;
/*!40101 SET character_set_client = @saved_cs_client */;

--
-- Dumping data for table `smbms_user`
--

LOCK TABLES `smbms_user` WRITE;
/*!40000 ALTER TABLE `smbms_user` DISABLE KEYS */;
INSERT INTO `smbms_user` VALUES (1,'admin','系统管理员','1d49626d8a8c019aa42715baa6fb5d79',1,'1983-10-10','13688889999','北京市海淀区成府路207号',1,1,'2013-03-21 16:52:07',NULL,NULL,NULL,NULL,'1234'),(2,'liming','李明','193717c0f8552b553b918a93aef4149f',2,'1983-12-10','13688884457','北京市东城区前门东大街9号',2,1,'2014-12-31 19:52:09',NULL,NULL,NULL,NULL,'1234'),(5,'hanlubiao','韩路彪','5b909fae230f99719e60af9e25c479e2',2,'1984-06-05','18567542321','北京市朝阳区北辰中心12号',2,1,'2014-12-31 19:52:09',NULL,NULL,NULL,NULL,'1234'),(6,'zhanghua','张华','17a564b34ee040792f9b7799ebaa0cf8',2,'1983-06-12','13544561111','北京市海淀区学院路61号',2,1,'2013-02-11 10:51:17',NULL,NULL,NULL,NULL,'1234'),(7,'wangyang','王洋','5b909fae230f99719e60af9e25c479e2',2,'1982-12-31','13444561124','北京市海淀区西二旗辉煌国际16层',3,1,'2014-06-11 19:09:07',NULL,NULL,NULL,NULL,'1234'),(8,'zhaoyan','赵燕','5b909fae230f99719e60af9e25c479e2',1,'1986-03-07','18098764545','北京市海淀区回龙观小区10号楼',3,1,'2016-04-21 13:54:07',NULL,NULL,NULL,NULL,'1234'),(10,'sunlei','孙磊','5b909fae230f99719e60af9e25c479e2',2,'1981-01-04','13387676765','北京市朝阳区管庄新月小区12楼',3,1,'2015-05-06 10:52:07',NULL,NULL,NULL,NULL,'1234'),(11,'sunxing','孙兴','5b909fae230f99719e60af9e25c479e2',2,'1978-03-12','13367890900','北京市朝阳区建国门南大街10号',3,1,'2016-11-09 16:51:17',NULL,NULL,NULL,NULL,'1234'),(12,'zhangchen','张晨','5b909fae230f99719e60af9e25c479e2',1,'1986-03-28','18098765434','朝阳区管庄路口北柏林爱乐三期13号楼',3,1,'2016-08-09 05:52:37',1,'2016-04-14 14:15:36',NULL,NULL,'1234'),(13,'dengchao','邓超','5b909fae230f99719e60af9e25c479e2',2,'1981-11-04','13689674534','北京市海淀区北航家属院10号楼',3,1,'2016-07-11 08:02:47',NULL,NULL,NULL,NULL,'1234'),(14,'yangguo','杨过','5b909fae230f99719e60af9e25c479e2',2,'1980-01-01','13388886623','北京市朝阳区北苑家园茉莉园20号楼',3,1,'2015-02-01 03:52:07',NULL,NULL,NULL,NULL,'1234'),(15,'zhaomin','赵敏','5b909fae230f99719e60af9e25c479e2',1,'1987-12-04','18099897657','北京市昌平区天通苑3区12号楼',2,1,'2015-09-12 12:02:12',NULL,NULL,NULL,NULL,'1234'),(20,'test111','test111','32e5331fb42a4bdab658b96cef721617',1,'2000-01-31','13506563350','',3,2,'2021-06-19 08:45:49',NULL,NULL,NULL,NULL,'2264'),(21,'ylt','ylt','0c0aa1d94f01610142d2eeca3ad70689',1,'1999-12-31','18767680098','温州',1,1,'2021-06-19 09:34:37',NULL,NULL,NULL,NULL,'6886'),(22,'ylt1','ylt1','b2594e6e601066fa0c655ce8846677c8',1,'1999-12-31','18767680098','温州',2,1,'2021-06-19 18:34:15',NULL,NULL,NULL,NULL,'3931'),(23,'customer','customer','742ff104a23e0c2ce1537b30905a5519',1,'2001-02-07','18767680098','温州大学',3,1,'2021-06-20 10:01:39',NULL,NULL,NULL,NULL,'8051'),(32,'ylt2','ylt2','19973c7f9055c0ecfc1255aa7f50f659',1,'1999-12-31','18767680098','温州',3,1,'2021-06-20 13:54:12',NULL,NULL,'','','8875');
/*!40000 ALTER TABLE `smbms_user` ENABLE KEYS */;
UNLOCK TABLES;
/*!40103 SET TIME_ZONE=@OLD_TIME_ZONE */;

/*!40101 SET SQL_MODE=@OLD_SQL_MODE */;
/*!40014 SET FOREIGN_KEY_CHECKS=@OLD_FOREIGN_KEY_CHECKS */;
/*!40014 SET UNIQUE_CHECKS=@OLD_UNIQUE_CHECKS */;
/*!40101 SET CHARACTER_SET_CLIENT=@OLD_CHARACTER_SET_CLIENT */;
/*!40101 SET CHARACTER_SET_RESULTS=@OLD_CHARACTER_SET_RESULTS */;
/*!40101 SET COLLATION_CONNECTION=@OLD_COLLATION_CONNECTION */;
/*!40111 SET SQL_NOTES=@OLD_SQL_NOTES */;

-- Dump completed on 2021-09-16  9:22:16
